<?xml version="1.0" encoding="utf-8"?>
<!DOCTYPE hibernate-configuration PUBLIC
"-//Hibernate/Hibernate Configuration DTD 3.0//EN"
"http://www.hibernate.org/dtd/hibernate-configuration-3.0.dtd">
<hibernate-configuration>
    <session-factory>
        <property name="hibernate.bytecode.use_reflection_optimizer">false</property>
        <property name="hibernate.connection.driver_class">com.mysql.jdbc.Driver</property>
        <property name="hibernate.connection.password">mysql</property>
        <property name="hibernate.connection.url">jdbc:mysql://localhost:3306/sql_practice</property>
        <property name="hibernate.connection.username">root</property>
        <property name="hibernate.dialect">org.hibernate.dialect.MySQL5InnoDBDialect</property>
        <property name="hibernate.search.autoregister_listeners">true</property>
        <property name="hibernate.validator.apply_to_ddl">false</property>
        <mapping class="com.ayantsoft.hibernate.pojo.Emp" />
        <mapping class="com.ayantsoft.hibernate.pojo.Address" />
        <mapping class="com.ayantsoft.hibernate.pojo.Department" />
        <mapping class="com.ayantsoft.hibernate.pojo.AccountInfo" />
    </session-factory>
</hibernate-configuration>
